{
  "average_frame_build_time_millis": 11.84801923076923,
  "90th_percentile_frame_build_time_millis": 29.061,
  "99th_percentile_frame_build_time_millis": 57.289,
  "worst_frame_build_time_millis": 118.192,
  "missed_frame_build_budget_count": 11,
  "average_frame_rasterizer_time_millis": 16.823923076923077,
  "90th_percentile_frame_rasterizer_time_millis": 25.097,
  "99th_percentile_frame_rasterizer_time_millis": 44.14,
  "worst_frame_rasterizer_time_millis": 61.749,
  "missed_frame_rasterizer_budget_count": 26,
  "frame_count": 52,
  "frame_rasterizer_count": 52,
  "frame_build_times": [
    40340,
    18291,
    39997,
    6504,
    3374,
    29061,
    13383,
    3399,
    26205,
    4065,
    4273,
    6025,
    3739,
    3117,
    3220,
    2837,
    2569,
    5294,
    118192,
    17727,
    4130,
    4079,
    3722,
    4919,
    3758,
    3236,
    4370,
    4207,
    38585,
    57289,
    12873,
    5409,
    2074,
    2377,
    7158,
    3975,
    9395,
    5309,
    10094,
    25070,
    3212,
    3213,
    3495,
    3956,
    2417,
    2002,
    2738,
    4308,
    2747,
    3556,
    17085,
    3727
  ],
  "frame_rasterizer_times": [
    17733,
    25768,
    29666,
    13792,
    24980,
    44140,
    61749,
    14274,
    18123,
    16447,
    16285,
    20285,
    18402,
    18376,
    17169,
    19332,
    15971,
    18760,
    16828,
    13522,
    25377,
    24743,
    15279,
    12521,
    13886,
    20014,
    18323,
    16833,
    16889,
    12009,
    13180,
    15635,
    23253,
    25097,
    17548,
    23424,
    15924,
    11985,
    8452,
    7214,
    8128,
    8926,
    6647,
    8538,
    5694,
    7524,
    9166,
    9303,
    6428,
    6724,
    7472,
    11106
  ],
  "frame_begin_times": [
    0,
    52301,
    163071,
    219701,
    241514,
    262468,
    349497,
    368115,
    412052,
    464956,
    481299,
    500679,
    518526,
    536861,
    554791,
    574845,
    592725,
    613628,
    721556,
    853297,
    889364,
    910800,
    930455,
    947235,
    963841,
    983714,
    1001824,
    1021869,
    1039682,
    1116216,
    1187586,
    1206881,
    1229749,
    1243833,
    1282310,
    1301196,
    1322403,
    1361083,
    1375277,
    1411578,
    1453518,
    1470227,
    1487941,
    1506393,
    1523766,
    1545789,
    1561933,
    1581761,
    1600955,
    1617386,
    1653520,
    1692793
  ],
  "frame_rasterizer_begin_times": [
    0,
    52987,
    86705,
    218821,
    242296,
    267695,
    312271,
    378771,
    393506,
    454184,
    484056,
    501611,
    522566,
    541279,
    560056,
    577471,
    597261,
    613890,
    638471,
    838319,
    887200,
    913044,
    938027,
    953525,
    969773,
    985036,
    1005538,
    1024562,
    1042306,
    1092809,
    1188449,
    1219280,
    1235219,
    1258899,
    1284412,
    1305592,
    1329729,
    1349305,
    1379137,
    1397307,
    1449805,
    1473620,
    1489177,
    1507682,
    1527226,
    1542185,
    1563850,
    1580919,
    1602354,
    1619850,
    1635377,
    1687483
  ],
  "average_vsync_transitions_missed": 1.574468085106383,
  "90th_percentile_vsync_transitions_missed": 2.0,
  "99th_percentile_vsync_transitions_missed": 13.0
}