{
  "average_frame_build_time_millis": 14.310791666666661,
  "90th_percentile_frame_build_time_millis": 19.393,
  "99th_percentile_frame_build_time_millis": 99.374,
  "worst_frame_build_time_millis": 99.374,
  "missed_frame_build_budget_count": 13,
  "average_frame_rasterizer_time_millis": 12.749085106382982,
  "90th_percentile_frame_rasterizer_time_millis": 15.833,
  "99th_percentile_frame_rasterizer_time_millis": 48.701,
  "worst_frame_rasterizer_time_millis": 48.701,
  "missed_frame_rasterizer_budget_count": 4,
  "frame_count": 48,
  "frame_rasterizer_count": 47,
  "frame_build_times": [
    1451,
    2035,
    7158,
    14753,
    13403,
    9796,
    19188,
    15466,
    11270,
    6621,
    12146,
    21908,
    10672,
    8131,
    24408,
    9731,
    19393,
    5407,
    10597,
    17426,
    18209,
    7979,
    15558,
    12484,
    18697,
    15663,
    14327,
    7333,
    10421,
    15373,
    14271,
    6501,
    10275,
    16218,
    12097,
    25595,
    11636,
    17743,
    7757,
    10886,
    13948,
    13127,
    16194,
    99374,
    24032,
    4771,
    4410,
    1079
  ],
  "frame_rasterizer_times": [
    18697,
    15485,
    14995,
    15833,
    11655,
    9894,
    11079,
    11828,
    10820,
    9343,
    12681,
    12847,
    16370,
    11718,
    10537,
    10723,
    12738,
    9674,
    11442,
    12507,
    11163,
    10314,
    10386,
    10969,
    12156,
    10920,
    11101,
    12654,
    14044,
    8557,
    11215,
    12884,
    12156,
    8710,
    9395,
    10809,
    8803,
    12537,
    9426,
    12611,
    8944,
    9006,
    15865,
    15145,
    16188,
    48701,
    13682
  ],
  "frame_begin_times": [
    0,
    18639,
    36874,
    55166,
    90184,
    127367,
    164451,
    199553,
    234785,
    267269,
    286420,
    323477,
    355847,
    377773,
    412373,
    448027,
    482685,
    521008,
    537066,
    575217,
    610718,
    648017,
    680357,
    716856,
    753582,
    787637,
    823491,
    860369,
    877485,
    914708,
    949463,
    985025,
    1001105,
    1040550,
    1074166,
    1109730,
    1146909,
    1184701,
    1217467,
    1234741,
    1272825,
    1307383,
    1346975,
    1378890,
    1511486,
    1563595,
    1599212,
    1631706
  ],
  "frame_rasterizer_begin_times": [
    0,
    19151,
    39872,
    62651,
    97768,
    131504,
    177411,
    210992,
    240562,
    269016,
    292868,
    337412,
    360758,
    380821,
    427515,
    452919,
    495694,
    522472,
    542503,
    587034,
    619495,
    650484,
    689171,
    725849,
    766374,
    796068,
    832149,
    862757,
    882719,
    925340,
    958484,
    986618,
    1005749,
    1050925,
    1081014,
    1126532,
    1153335,
    1196091,
    1220283,
    1240226,
    1280637,
    1315295,
    1358153,
    1452067,
    1525707,
    1563315,
    1613477
  ],
  "average_vsync_transitions_missed": 1.0625,
  "90th_percentile_vsync_transitions_missed": 1.0,
  "99th_percentile_vsync_transitions_missed": 3.0
}